Player;Position;Team
Abdullah, Ameer;RB;MIN
Aboushi, Oday;OL;ARI
Acho, Sam;LB;CHI
Acker, Kenneth;DB;JAC
Acklin, Jaelon;WR;BAL
Adams, Andrew;DB;TAM
Adams, Davante;WR;GNB
Adams, Jamal;DB;NYJ
Adams, Jerell;TE;HOU
Adams, Josh;RB;PHI
Adams, Keion;LB;PIT
Adams, Matthew;LB;IND
Adams, Mike;DB;CAR
Adams, Montravius;DL;GNB
Adams, Tony;OL;NWE
Addae, Jahleel;DB;LAC
Addison, Mario;DL;CAR
Adeboyejo, Quincy;WR;BAL
Adeniyi, Ola;LB;PIT
Afriyie, Pat;DL;LAC
Agholor, Nelson;WR;PHI
Agnew, Jamal;DB;DET
Aikens, Walt;DB;MIA
Ajayi, Jay;RB;PHI
Akins, Jordan;TE;HOU
Alexander, Adonis;DB;WAS
Alexander, D.J.;LB;PHI
Alexander, Deontez;WR;DET
Alexander, Jaire;DB;GNB
Alexander, Kwon;LB;TAM
Alexander, Lorenzo;LB;BUF
Alexander, Mackensie;DB;MIN
Alexander, Maurice;DB;SEA
Alford, Robert;DB;ATL
Ali'ifua, Ricky;DL;SEA
Alie-Cox, Mo;TE;IND
Allen, Beau;DL;TAM
Allen, Brandon;QB;LAR
Allen, Brian;OL;LAR
Allen, Brian;DB;PIT
Allen, Chase;LB;MIA
Allen, Cortez;DB;PIT
Allen, Dejon;OL;CHI
Allen, Dwayne;TE;NWE
Allen, Javorius;RB;BAL
Allen, Jeff;OL;K.C
Allen, Jonathan;DL;WAS
Allen, Josh;QB;BUF
Allen, Keenan;WR;LAC
Allen, Kyle;QB;CAR
Allen, Marcus;DB;PIT
Allen, Ricardo;DB;ATL
Allison, Geronimo;WR;GNB
Alonso, Kiko;LB;MIA
Alualu, Tyson;DL;PIT
Amendola, Danny;WR;MIA
Amerson, David;DB;ARI
Amichia, Kofi;OL;BAL
Amos, Adrian;DB;CHI
Amukamara, Prince;DB;CHI
Anderson, Abdullah;DL;CHI
Anderson, C.J.;RB;LAR
Anderson, Derek;QB;BUF
Anderson, Henry;DL;NYJ
Anderson, Robby;WR;NYJ
Anderson, Ryan;LB;WAS
Anderson, Stephen;TE;NWE
Andrews, Darren;WR;NWE
Andrews, David;OL;NWE
Andrews, Josh;OL;IND
Andrews, Mark;TE;BAL
Ankou, Eli;DL;JAC
Ansah, Ezekiel;DL;DET
Anthony, Stephone;LB;MIA
Anzalone, Alex;LB;NOR
Apke, Troy;DB;WAS
Apple, Eli;DB;NOR
Armah, Alex;RB;CAR
Armbrister, Thurston;LB;ARI
Armstead, Arik;DL;SFO
Armstead, Terron;OL;NOR
Armstrong, Cornell;DB;MIA
Armstrong, Dorance;DL;DAL
Armstrong, Ray-Ray;LB;CLE
Arnold, Dan;TE;NOR
Artis-Payne, Cameron;RB;CAR
Aruna, Ade;DL;MIN
Asiata, Isaac;OL;MIA
Ateman, Marcell;WR;OAK
Atkins, Geno;DL;CIN
Atkins, John;DL;DET
Attaochu, Jeremiah;LB;NYJ
Auclair, Antony;TE;TAM
Austin, Tavon;WR;DAL
Autry, Denico;DL;IND
Averett, Anthony;DB;BAL
Avery, Genard;LB;CLE
Awuzie, Chidobe;DB;DAL
Cabinda, Jason;LB;OAK
Cadet, Travaris;RB;CAR
Cain, Deon;WR;IND
Calhoun, Shilique;DL;OAK
Calhoun, Taveze;DB;ATL
Calitro, Austin;LB;SEA
Callahan, Bryce;DB;CHI
Callaway, Antonio;WR;CLE
Campbell, Calais;DL;JAC
Campbell, Chris;DB;NOR
Campbell, De'Vondre;LB;ATL
Campbell, Ibraheim;DB;GNB
Campos, Jake;OL;DAL
Canady, Maurice;DB;BAL
Cann, A.J.;OL;JAC
Cannon, Marcus;OL;NWE
Cannon, Trenton;RB;NYJ
Cantrell, Dylan;WR;LAC
Cappa, Alex;OL;TAM
Cardinals;DEF;ARI
Carlson, Daniel;K;OAK
Carpenter, James;OL;NYJ
Carr, Austin;WR;NOR
Carr, Brandon;DB;BAL
Carr, Derek;QB;OAK
Carraway, Josh;LB;WAS
Carrie, T.J.;DB;CLE
Carrier, Derek;TE;OAK
Carroo, Leonte;WR;MIA
Carson, Chris;RB;SEA
Carson, Tra;RB;GNB
Carter, Alex;DB;WAS
Carter, Bruce;LB;ATL
Carter, Cethan;RB;CIN
Carter, DeAndre;WR;HOU
Carter, Jamal;DB;DEN
Carter, Jermaine;LB;CAR
Carter, Kyle;TE;BUF
Carter, Lorenzo;LB;NYG
Casey, Jurrell;DL;TEN
Cash, Jeremy;LB;ARI
Cassel, Matt;QB;DET
Castonzo, Anthony;OL;IND
Catalina, Tyler;OL;WAS
Catanzaro, Chandler;K;CAR
Celek, Garrett;TE;SFO
Celestin, Jonathan;LB;NYJ
Chachere, Andre;DB;DET
Chancellor, Kam;DB;SEA
Chandler, Sean;DB;NYG
Chargers;DEF;LAC
Chark, D.J.;WR;JAC
Charles, Orson;TE;CLE
Charlton, Taco;DL;DAL
Cheek, Joseph;OL;PIT
Chesson, Jehu;WR;WAS
Chickillo, Anthony;LB;PIT
Chiefs;DEF;K.C
Christian, Geron;OL;WAS
Christian, Marqui;DB;LAR
Chubb, Bradley;LB;DEN
Chubb, Brandon;LB;CAR
Chubb, Nick;RB;CLE
Chung, Patrick;DB;NWE
Chunn, Jordan;RB;DAL
Cichy, Jack;LB;TAM
Cirino, Michael;DB;IND
Claiborne, Morris;DB;NYJ
Clapp, Will;OL;NOR
Clark, Chris;OL;CAR
Clark, Chuck;DB;BAL
Clark, Frank;DL;SEA
Clark, Jeremy;DB;NYJ
Clark, Kenny;DL;GNB
Clark, Le'Raven;OL;IND
Clay, Charles;TE;BUF
Clayborn, Adrian;DL;NWE
Clement, Corey;RB;PHI
Clemmings, T.J.;OL;OAK
Cliett, Reshard;LB;MIN
Clinton-Dix, Ha Ha;DB;WAS
Clowney, Jadeveon;LB;HOU
Cobb, Randall;WR;GNB
Cobbs, Simmie;WR;NOR
Cockrell, Ross;DB;CAR
Cohen, Tarik;RB;CHI
Colbert, Adrian;DB;SFO
Cole, Dylan;LB;HOU
Cole, Keelan;WR;JAC
Cole, Mason;OL;ARI
Coleman, Corey;WR;NYG
Coleman, Derrick;RB;ARI
Coleman, Justin;DB;SEA
Coleman, Kurt;DB;NOR
Coleman, Lavon;RB;GNB
Coleman, Shon;OL;SFO
Coleman, Tevin;RB;ATL
Coleman, Xavier;DB;BUF
Coley, Trevon;DL;CLE
Collins, Alex;RB;BAL
Collins, Aviante;OL;MIN
Collins, Cayson;LB;OAK
Collins, Jalen;DB;IND
Collins, Jamie;LB;CLE
Collins, La'el;OL;DAL
Collins, Landon;DB;NYG
Collins, Maliek;DL;DAL
Colts;DEF;IND
Colvin, Aaron;DB;HOU
Compton, Tom;OL;MIN
Compton, Will;LB;TEN
Conklin, Jack;OL;TEN
Conklin, Tyler;TE;MIN
Conley, Chris;WR;K.C
Conley, Gareon;DB;OAK
Conner, James;RB;PIT
Conque, Zach;TE;JAC
Conte, Chris;DB;TAM
Cook, Connor;QB;CIN
Cook, Dalvin;RB;MIN
Cook, Jared;TE;OAK
Cooks, Brandin;WR;LAR
Cooper, Amari;WR;DAL
Cooper, Chris;DB;K.C
Cooper, Jonathan;OL;WAS
Cooper, Marcus;DB;DET
Cooper, Pharoh;WR;ARI
Copeland, Brandon;LB;NYJ
Corbett, Austin;OL;CLE
Core, Cody;WR;CIN
Correa, Kamalei;LB;TEN
Cothran, Curtis;DL;MIN
Cotton, Eric;DL;GNB
Countess, Blake;DB;LAR
Cousins, Kirk;QB;MIN
Coutee, Keke;WR;HOU
Covington, Christian;DL;HOU
Covington, Chris;LB;DAL
Coward, Rashaad;OL;CHI
Cowboys;DEF;DAL
Cowser, James;LB;OAK
Cox, Bryan;DL;CAR
Cox, Fletcher;DL;PHI
Coyle, Anthony;OL;GNB
Coyle, Brock;LB;SFO
Crabtree, Michael;WR;BAL
Crabtree, Zachary;OL;LAC
Cracraft, River;WR;DEN
Cravens, Su'a;DB;DEN
Crawford, Jack;DL;ATL
Crawford, James;LB;GNB
Crawford, Tyrone;DL;DAL
Crawley, Ken;DB;NOR
Crecelius, Randin;OL;BAL
Crockett, Josh;WR;K.C
Crockett, Montay;WR;WAS
Croom, Jason;TE;BUF
Crosby, Mason;K;GNB
Crosby, Tyrell;OL;DET
Cross, Alan;TE;TAM
Crossen, Keion;DB;NWE
Croston, Cole;OL;NWE
Crowder, Jamison;WR;WAS
Crowell, Isaiah;RB;NYJ
Cruikshank, Dane;DB;TEN
Culkin, Sean;TE;LAC
Cunningham, Benny;RB;CHI
Cunningham, Jerome;TE;DET
Cunningham, Korey;OL;ARI
Cunningham, Zach;LB;HOU
Currie, Justin;DB;SEA
Curry, Vinny;DL;TAM
Cyprien, Johnathan;DB;TEN
Bademosi, Johnson;DB;HOU
Badet, Jeff;WR;MIN
Badgley, Mike;K;LAC
Bailey, Aaron;WR;BAL
Bailey, Allen;DL;K.C
Bailey, Dan;K;MIN
Bailey, Sergio;WR;TAM
Baker, Budda;DB;ARI
Baker, Jerome;LB;MIA
Bakhtiari, David;OL;GNB
Baldwin, Doug;WR;SEA
Ballage, Kalen;RB;MIA
Banjo, Chris;DB;NOR
Banner, Zach;OL;PIT
Barber, Peyton;RB;TAM
Barkley, Matt;QB;BUF
Barkley, Saquon;RB;NYG
Barksdale, Joe;OL;ARI
Barner, Kenjon;RB;CAR
Barnes, Brandon;TE;DET
Barnett, Deondre;DL;TAM
Barnett, Derek;DL;PHI
Barr, Anthony;LB;MIN
Barrett, J.T.;QB;NOR
Barrett, Shaquil;LB;DEN
Barron, Mark;LB;LAR
Barwin, Connor;LB;NYG
Basham, Tarell;LB;NYJ
Bates, Daren;LB;TEN
Bates, Jessie;DB;CIN
Bates, Trevor;LB;DET
Batson, Cameron;WR;TEN
Bawden, Nick;RB;DET
Baylis, Evan;TE;GNB
Beachum, Kelvin;OL;NYJ
Beadles, Zane;OL;ATL
Beal, Emmanuel;LB;SEA
Beal, Sam;DB;NYG
Bears;DEF;CHI
Beasley, Cole;WR;DAL
Beasley, Vic;DL;ATL
Beathard, C.J.;QB;SFO
Beckham, Odell;WR;NYG
Beckwith, Kendell;LB;TAM
Becton, Nick;OL;NYG
Beebe, Chad;WR;MIN
Bell, Blake;TE;JAC
Bell, Brandon;LB;CIN
Bell, Byron;OL;GNB
Bell, Vonn;DB;NOR
Bellamy, Davin;LB;HOU
Bellamy, Josh;WR;CHI
Bello, B.J.;LB;PHI
Bellore, Nick;RB;DET
Benenoch, Caleb;OL;TAM
Bengals;DEF;CIN
Benjamin, Kelvin;WR;K.C
Benjamin, Travis;WR;LAC
Benkert, Kurt;QB;ATL
Bennett, Michael;DL;PHI
Bentley, Ja'Whaun;LB;NWE
Benwikere, Bene';DB;OAK
Bergstrom, Tony;OL;WAS
Berhe, Nat;DB;PIT
Bernard, Giovani;RB;CIN
Berrios, Braxton;WR;NWE
Berry, Eric;DB;K.C
Bethea, Antoine;DB;ARI
Bethel, Justin;DB;ATL
Bibbs, Kapri;RB;GNB
Biegel, Vince;LB;NOR
Bierria, Keishawn;LB;DEN
Billings, Andrew;DL;CIN
Bills;DEF;BUF
Binford, Harvey;WR;IND
Bisnowaty, Adam;OL;MIN
Bitonio, Joel;OL;CLE
Blackmon, Justin;WR;JAC
Blacknall, Saeed;WR;OAK
Blackson, Angelo;DL;HOU
Blair, Ronald;DL;SFO
Blake, Christian;WR;ATL
Blount, LeGarrette;RB;DET
Blue, Alfred;RB;HOU
Blythe, Austin;OL;LAR
Board, C.J.;WR;JAC
Board, Chris;LB;BAL
Boddy-Calhoun, Briean;DB;CLE
Bodine, Russell;OL;BUF
Boehm, Evan;OL;IND
Boehringer, Moritz;TE;CIN
Boettger, Ike;OL;BUF
Bohanon, Tommy;RB;JAC
Bolden, Brandon;RB;MIA
Bolden, Victor;WR;BUF
Boling, Clint;OL;CIN
Bolles, Garett;OL;DEN
Bond, Devante;LB;TAM
Bonnafon, Reggie;RB;CAR
Booker, Devontae;RB;DEN
Boone, Mike;RB;MIN
Boozer, Cole;OL;TAM
Borders, Breon;DB;JAC
Bortles, Blake;QB;JAC
Bosa, Joey;DL;LAC
Bostic, Jon;LB;PIT
Boston, Tre;DB;ARI
Boswell, Chris;K;PIT
Bouagnon, Joel;RB;NYJ
Bouka, Elie;DB;PHI
Bourne, Kendrick;WR;SFO
Bouye, A.J.;DB;JAC
Bowanko, Luke;OL;WAS
Bower, Tashawn;DL;MIN
Bowser, Tyus;LB;BAL
Boyd, Tyler;WR;CIN
Boykins, Jeremy;DB;SEA
Boyle, Nick;TE;BAL
Boyle, Tim;QB;GNB
Bozeman, Bradley;OL;BAL
Bradberry, James;DB;CAR
Braden, Ben;OL;NYJ
Bradham, Nigel;LB;PHI
Bradley, Bam;LB;BAL
Brady, Tom;QB;NWE
Branch, Andre;DL;MIA
Brantley, Caleb;DL;WAS
Brate, Cameron;TE;TAM
Braunecker, Ben;TE;CHI
Bray, Tyler;QB;CHI
Breeland, Bashaud;DB;GNB
Brees, Drew;QB;NOR
Breida, Matt;RB;SFO
Brendel, Jake;OL;MIA
Brent, K.J.;WR;TAM
Brice, Kentrell;DB;GNB
Bridgewater, Teddy;QB;NOR
Brissett, Jacoby;QB;IND
Britt, Justin;OL;SEA
Brock, Tramaine;DB;DEN
Brockers, Michael;DL;LAR
Bromley, Jay;DL;NOR
Broncos;DEF;DEN
Brooks, Brandon;OL;PHI
Brooks, Terrence;DB;NYJ
Brothers, Kentrell;LB;MIN
Brown, Andrew;DL;CIN
Brown, Anthony;DB;DAL
Brown, Antonio;WR;PIT
Brown, Asantay;LB;PHI
Brown, Billy;TE;IND
Brown, Blair;LB;JAC
Brown, Brian;WR;DET
Brown, Daniel;TE;CHI
Brown, Duane;OL;SEA
Brown, Evan;OL;NYG
Brown, Fadol;DL;GNB
Brown, Jamon;OL;NYG
Brown, Jaron;WR;SEA
Brown, Jatavis;LB;LAC
Brown, Jayon;LB;TEN
Brown, John;WR;BAL
Brown, Mack;RB;MIN
Brown, Malcolm;RB;LAR
Brown, Malcom;DL;NWE
Brown, Noah;WR;DAL
Brown, Orlando;OL;BAL
Brown, Pharaoh;TE;CLE
Brown, Preston;LB;CIN
Brown, Tony;DB;GNB
Brown, Trent;OL;NWE
Brown, Zach;LB;WAS
Browns;DEF;CLE
Brunskill, Daniel;OL;ATL
Bryan, Taven;DL;JAC
Bryant, Brandon;DB;NYJ
Bryant, Dez;WR;NOR
Bryant, Martavis;WR;OAK
Bryant, Matt;K;ATL
Bucannon, Deone;LB;ARI
Buccaneers;DEF;TAM
Buckner, DeForest;DL;SFO
Bulaga, Bryan;OL;GNB
Bullard, Jonathan;DL;CHI
Bullock, Randy;K;CIN
Bullough, Riley;LB;TAM
Burfict, Vontaze;LB;CIN
Burgess, James;LB;MIA
Burkhead, Rex;RB;NWE
Burks, Oren;LB;GNB
Burnett, Deontay;WR;NYJ
Burnett, Morgan;DB;PIT
Burns, Artie;DB;PIT
Burris, Juston;DB;CLE
Burton, Deante;DB;HOU
Burton, Michael;RB;CHI
Burton, Trey;TE;CHI
Burwell, Tyreek;OL;IND
Bush, Deon;DB;CHI
Bush, Rafael;DB;BUF
Bushrod, Jermon;OL;NOR
Butker, Harrison;K;K.C
Butler, Adam;DL;NWE
Butler, Brice;WR;MIA
Butler, James;RB;OAK
Butler, Malcolm;DB;TEN
Butler, Paul;TE;OAK
Butler, Vernon;DL;CAR
Butt, Jake;TE;DEN
Byard, Kevin;DB;TEN
Byndom, Carrington;DB;BAL
Bynes, Josh;LB;ARI
Byrd, Damiere;WR;CAR
Fabiano, Anthony;OL;PHI
Fackrell, Kyler;LB;GNB
Facyson, Brandon;DB;LAC
Fairbairn, Ka'imi;K;HOU
Falah, Nico;OL;DEN
Falcons;DEF;ATL
Fales, David;QB;MIA
Falk, Luke;QB;MIA
Fant, George;OL;SEA
Fant, Rashard;DB;CHI
Farley, Matthias;DB;IND
Fatukasi, Foley;DL;NYJ
Feeney, Dan;OL;LAC
Feiler, Matt;OL;PIT
Fejedelem, Clayton;DB;CIN
Feliciano, Jon;OL;OAK
Fells, Darren;TE;CLE
Ferentz, James;OL;NWE
Ferguson, Josh;RB;HOU
Fields, Shay;WR;DEN
Finch, Sharif;LB;TEN
Finney, B.J.;OL;PIT
Firkser, Anthony;TE;TEN
Fisher, Eric;OL;K.C
Fisher, Jake;OL;CIN
Fitts, Kylie;LB;CHI
Fitzgerald, Larry;WR;ARI
Fitzpatrick, Minkah;DB;MIA
Fitzpatrick, Ryan;QB;TAM
Flacco, Joe;QB;BAL
Flanagan, Matt;TE;WAS
Fleming, Cameron;OL;DAL
Flowers, Dimitri;RB;JAC
Flowers, Ereck;OL;JAC
Flowers, Marquis;LB;WAS
Flowers, Quinton;RB;CIN
Flowers, Trey;DL;NWE
Flowers, Tre;DB;SEA
Floyd, Leonard;LB;CHI
Floyd, Michael;WR;WAS
Fluellen, David;RB;TEN
Fluker, D.J.;OL;SEA
Flynn, JP;OL;SFO
Foles, Nick;QB;PHI
Forbath, Kai;K;JAC
Ford, Dee;LB;K.C
Ford, Isaiah;WR;MIA
Ford, Keith;RB;BUF
Ford, Mike;DB;DET
Ford, Poona;DL;SEA
Ford, Rudy;DB;ARI
Foreman, D'Onta;RB;HOU
Fort, L.J.;LB;PIT
Foster, D.J.;RB;ARI
Foster, Mason;LB;WAS
Foster, Ramon;OL;PIT
Foster, Reuben;LB;WAS
Foster, Robert;WR;BUF
Fountain, Reece;WR;IND
Fournette, Leonard;RB;JAC
Fowler, Bennie;WR;NYG
Fowler, Dante;LB;LAR
Fox, Morgan;DL;LAR
Franklin, John;DB;CHI
Franklin, Zaire;LB;IND
Franklin-Myers, John;DL;LAR
Franks, Jordan;TE;CIN
Frazier, Josh;DL;DET
Frazier, Kavon;DB;DAL
Frazier, Mose;WR;CAR
Frederick, Travis;OL;DAL
Freeman, Devonta;RB;ATL
Freeman, Royce;RB;DEN
Friend, Kyle;OL;CLE
Fuller, Kendall;DB;K.C
Fuller, Kyle;DB;CHI
Fuller, Kyle;OL;WAS
Fuller, Will;WR;HOU
Fulton, Zach;OL;HOU
Fumagalli, Troy;TE;DEN
Funchess, Devin;WR;CAR
Fusco, Brandon;OL;ATL
Gabbert, Blaine;QB;TEN
Gabriel, Taylor;WR;CHI
Gafford, Rico;WR;OAK
Gage, Russell;WR;ATL
Gaines, E.J.;DB;CLE
Gaines, Phillip;DB;CLE
Gallman, Wayne;RB;NYG
Gallup, Michael;WR;DAL
Gano, Graham;K;CAR
Garcia, Antonio;OL;IND
Garcia, Max;OL;DEN
Garcia-Williams, Jerrol;LB;DEN
Garcon, Pierre;WR;SFO
Gardeck, Dennis;LB;ARI
Garland, Ben;OL;ATL
Garner, Manasseh;TE;WAS
Garnett, Joshua;OL;SFO
Garoppolo, Jimmy;QB;SFO
Garrett, Myles;DL;CLE
Gates, Antonio;TE;LAC
Gates, Nick;OL;NYG
Gathers, Rico;TE;DAL
Gaulden, Rashaan;DB;CAR
Geathers, Clayton;DB;IND
Gedeon, Ben;LB;MIN
Gentry, Mason;OL;CLE
Gentry, Tanner;WR;CHI
Gerry, Nate;LB;PHI
Gesicki, Mike;TE;MIA
Gholston, William;DL;TAM
Giants;DEF;NYG
Gibson, Shelton;WR;PHI
Gilbert, Garrett;QB;CAR
Gilbert, Marcus;OL;PIT
Gilbert, Reggie;LB;GNB
Gilchrist, Marcus;DB;OAK
Gilliam, Garry;OL;SFO
Gilmore, Stephon;DB;NWE
Ginn, Ted;WR;NOR
Gipson, Tashaun;DB;JAC
Glasgow, Graham;OL;DET
Glasgow, Ryan;DL;CIN
Glenn, Cordy;OL;CIN
Glennon, Mike;QB;ARI
Glowinski, Mark;OL;IND
Godchaux, Davon;DL;MIA
Godwin, Chris;WR;TAM
Goedert, Dallas;TE;PHI
Goff, Jared;QB;LAR
Golden, Malik;DB;PIT
Golden, Markus;DL;ARI
Golditch, Zack;OL;ARI
Goldman, Eddie;DL;CHI
Golladay, Kenny;WR;DET
Gono, Matt;OL;ATL
Gonzalez, Zane;K;ARI
Good, Denzelle;OL;OAK
Goode, Najee;LB;IND
Goodson, B.J.;LB;NYG
Goodwin, C.J.;DB;DAL
Goodwin, Marquise;WR;SFO
Gordon, Dillon;OL;K.C
Gordon, Josh;WR;NWE
Gordon, Melvin;RB;LAC
Gore, Frank;RB;MIA
Gossett, Colby;OL;ARI
Gostkowski, Stephen;K;NWE
Gotsis, Adam;DL;DEN
Gould, Robbie;K;SFO
Gradkowski, Gino;OL;DEN
Graham, Brandon;DL;PHI
Graham, Corey;DB;PHI
Graham, Jaeden;TE;ATL
Graham, Jimmy;TE;GNB
Grant, Corey;RB;JAC
Grant, Jakeem;WR;MIA
Grant, Janarion;WR;BAL
Grant, Ryan;WR;IND
Gray, Alex;TE;ATL
Gray, Devin;WR;ATL
Gray, J.T.;DB;NOR
Gray, MarQueis;TE;MIA
Grayson, Cyril;WR;CHI
Grayson, Garrett;QB;DEN
Greco, John;OL;NYG
Green, A.J.;WR;CIN
Green, Aaron;RB;BUF
Green, Chaz;OL;OAK
Green, Rasheem;DL;SEA
Green, Virgil;TE;LAC
Green-Thompson, Shaq;LB;CAR
Greene, Rashad;WR;JAC
Greene, Raven;DB;GNB
Gregory, Randy;DL;DAL
Gresham, Jermaine;TE;ARI
Griffen, Everson;DL;MIN
Griffey, Trey;WR;PIT
Griffin III, Robert;QB;BAL
Griffin, Garrett;TE;NOR
Griffin, Ryan;TE;HOU
Griffin, Ryan;QB;TAM
Griffin, Shaquem;LB;SEA
Griffin, Shaquill;DB;SEA
Grigsby, Nicholas;LB;DET
Grimble, Xavier;TE;PIT
Grimes, Brent;DB;TAM
Grissom, Geneo;DL;IND
Gronkowski, Rob;TE;NWE
Groy, Ryan;OL;BUF
Grugier-Hill, Kamu;LB;PHI
Guice, Derrius;RB;WAS
Gunter, Rodney;DL;ARI
Gurley, Todd;RB;LAR
Guy, Lawrence;DL;NWE
Haden, Joe;DB;PIT
Haeg, Joe;OL;IND
Hager, Bryce;LB;LAR
Hairston, Nate;DB;IND
Hal, Andre;DB;HOU
Halapio, Jon;OL;NYG
Haley, Grant;DB;NYG
Hall, Daeshon;DL;PHI
Hall, Deiondre';DB;PHI
Hall, Leon;DB;OAK
Hall, Marvin;WR;ATL
Hall, P.J.;DL;OAK
Ham, C.J.;RB;MIN
Hamilton, Antonio;DB;NYG
Hamilton, DaeSean;WR;DEN
Hamilton, Justin;DL;K.C
Hamilton, Shaun Dion;LB;WAS
Hamilton, Woodrow;DL;NYG
Hand, Da'Shawn;DL;DET
Hankins, Johnathan;DL;OAK
Hansbrough, Russell;RB;WAS
Hansen, Chad;WR;DEN
Hardee, Justin;DB;NOR
Hardy, Justin;WR;ATL
Hargrave, Javon;DL;PIT
Hargreaves, Vernon;DB;TAM
Harmon, Duron;DB;NWE
Harold, Eli;LB;DET
Harris, Anthony;DB;MIN
Harris, Charles;DL;MIA
Harris, Chris;DB;DEN
Harris, Davontae;DB;CIN
Harris, De'Vante;DB;TAM
Harris, Demetrius;TE;K.C
Harris, Demone;DL;TAM
Harris, Dwayne;WR;OAK
Harris, Erik;DB;OAK
Harris, Marcell;DB;SFO
Harris, Maurice;WR;WAS
Harris, Nigel;LB;TEN
Harris, Shelby;DL;DEN
Harris, Trent;DL;NWE
Harrison, Damon;DL;DET
Harrison, Desmond;OL;CLE
Harrison, Jonotthan;OL;NYJ
Harrison, Ronnie;DB;JAC
Hart, Bobby;OL;CIN
Harvey-Clemons, Josh;LB;WAS
Hatcher, Keon;WR;OAK
Hatfield, Dominique;DB;LAR
Hauschka, Stephen;K;BUF
Havenstein, Rob;OL;LAR
Hawkins, Jerald;OL;PIT
Hawkins, Josh;DB;PHI
Hayden, D.J.;DB;JAC
Hayes, William;DL;MIA
Haynes, Marquis;DL;CAR
Hayward, Casey;DB;LAC
Hearn, Taylor;OL;CAR
Heath, Jeff;DB;DAL
Heath, Joel;DL;HOU
Hector, Bruce;DL;PHI
Heeney, Ben;LB;HOU
Heinicke, Taylor;QB;CAR
Hekking, Brock;LB;LAC
Hemingway, Temarrick;TE;DEN
Henderson Sr., De'Angelo;RB;NYJ
Henderson, Carlos;WR;WAS
Henderson, Quadree;WR;NYG
Henderson, Seantrel;OL;HOU
Henderson, Trayvon;DB;CIN
Hendrickson, Trey;DL;NOR
Hendy, A.J.;DB;HOU
Henne, Chad;QB;K.C
Henry, Daniel;DB;BAL
Henry, Derrick;RB;TEN
Henry, Hunter;TE;LAC
Henry, Marcus;OL;SEA
Henry, Willie;DL;BAL
Hernandez, Will;OL;NYG
Herndon, Chris;TE;NYJ
Herndon, Tre;DB;JAC
Hester, Treyvon;DL;PHI
Heuerman, Jeff;TE;DEN
Hewitt, Neville;LB;NYJ
Hewitt, Ryan;TE;IND
Heyward, Cameron;DL;PIT
Heyward-Bey, Darrius;WR;PIT
Hicks, Akiem;DL;CHI
Hicks, Jordan;LB;PHI
Higbee, Tyler;TE;LAR
Higgins, Rashard;WR;CLE
Hightower, Dont'a;LB;NWE
Hikutini, Cole;TE;MIN
Hill, B.J.;DL;NYG
Hill, Brian;RB;ATL
Hill, Delano;DB;SEA
Hill, Holton;DB;MIN
Hill, Jaylen;DB;BAL
Hill, Jeremy;RB;NWE
Hill, Josh;TE;NOR
Hill, Rashod;OL;MIN
Hill, Taysom;QB;NOR
Hill, Troy;DB;LAR
Hill, Tyreek;WR;K.C
Hilland, Connor;OL;MIA
Hilliard, Dontrell;RB;CLE
Hilton, Mike;DB;PIT
Hilton, T.Y.;WR;IND
Hines, D'Juan;LB;CLE
Hines, Nyheim;RB;IND
Hitchens, Anthony;LB;K.C
Hodge, KhaDarel;WR;LAR
Hodges, Bucky;TE;PIT
Hodges, Gerald;LB;ARI
Hogan, Chris;WR;NWE
Hogan, Kevin;QB;DEN
Hogan, Krishawn;WR;IND
Holland, Jeff;LB;DEN
Hollins, Mack;WR;PHI
Hollister, Cody;WR;NWE
Hollister, Jacob;TE;NWE
Holmes, Andre;WR;DEN
Holmes, Gabe;TE;ARI
Holmes, Jalyn;DL;MIN
Holmes, Tyrone;LB;LAC
Holsey, Joshua;DB;WAS
Holton, Johnny;WR;OAK
Holtz, J.P.;TE;WAS
Hood, Elijah;RB;CAR
Hood, Ziggy;DL;MIA
Hooker, Malik;DB;IND
Hooks, Lavon;DL;PIT
Hoomanawanui, Michael;TE;NOR
Hooper, Austin;TE;ATL
Hopkins, DeAndre;WR;HOU
Hopkins, Dustin;K;WAS
Hopkins, Trey;OL;CIN
Horton, Wes;DL;CAR
House, Davon;DB;GNB
House, Will;OL;ARI
Houston, Justin;LB;K.C
Houston-Carson, DeAndre;DB;CHI
Howard, A.J.;DB;NWE
Howard, Austin;OL;WAS
Howard, Jordan;RB;CHI
Howard, O.J.;TE;TAM
Howard, Travin;LB;LAR
Howard, Xavien;DB;MIA
Howell, Buddy;RB;HOU
Hoyer, Brian;QB;NWE
Hubbard, Chris;OL;CLE
Hubbard, Sam;DL;CIN
Hudson, Rodney;OL;OAK
Hudson, Tanner;TE;TAM
Huff, Marqueston;DB;DAL
Hughes, Jerry;DL;BUF
Hughes, Mike;DL;JAC
Hughes, Mike;DB;MIN
Huguenin, Farrington;LB;TAM
Hull, Mike;LB;MIA
Humber, Ramon;LB;NWE
Humphrey, Marlon;DB;BAL
Humphrey, Myles;DL;NYG
Humphries, Adam;WR;TAM
Humphries, D.J.;OL;ARI
Hundley, Brett;QB;SEA
Hungalu, Manase;LB;JAC
Hunt, Cameron;OL;OAK
Hunt, Joey;OL;SEA
Hunt, Margus;DL;IND
Hunter, Danielle;DL;MIN
Hunter, Justin;WR;PIT
Hunter, Michael;DB;HOU
Hunter, Ryan;OL;K.C
Hurns, Allen;WR;DAL
Hurst, Hayden;TE;BAL
Hurst, James;OL;BAL
Hurst, Maurice;DL;OAK
Hyde, Carlos;RB;JAC
Hyde, Micah;DB;BUF
Hyder, Kerry;DL;DET
Jack, Myles;LB;JAC
Jackson, Adoree';DB;TEN
Jackson, Bennett;DB;BAL
Jackson, Blake;WR;CLE
Jackson, Branden;DL;SEA
Jackson, Darius;RB;DAL
Jackson, DeSean;WR;TAM
Jackson, Donte;DB;CAR
Jackson, Eddie;DB;CHI
Jackson, Edwin;LB;IND
Jackson, Gabe;OL;OAK
Jackson, J.C.;DB;NWE
Jackson, Josh;DB;GNB
Jackson, Justin;RB;LAC
Jackson, Kareem;DB;HOU
Jackson, Lamar;QB;BAL
Jackson, Malik;DL;JAC
Jackson, Robert;DB;CLE
Jackson, William;DB;CIN
Jacobs, Ben;LB;CAR
Jacobs, Leon;LB;JAC
Jaguars;DEF;JAC
Jamerson, Natrell;DB;GNB
James, Alec;DL;TAM
James, Craig;DB;MIN
James, Derwin;DB;LAC
James, Ja'Wuan;OL;MIA
James, Jesse;TE;PIT
James, Richie;WR;SFO
Janikowski, Sebastian;K;SEA
Janovich, Andy;RB;DEN
Jarrett, Grady;DL;ATL
Jarvis, Richard;LB;BUF
Jarwin, Blake;TE;DAL
Jean Francois, Ricky;DL;DET
Jean-Baptiste, Stanley;DB;BAL
Jefferson, Malik;LB;CIN
Jefferson, Quinton;DL;SEA
Jefferson, Rickey;DB;NOR
Jefferson, Tony;DB;BAL
Jeffery, Alshon;WR;PHI
Jenkins, Alex;DL;NOR
Jenkins, Janoris;DB;NYG
Jenkins, John;DL;NYG
Jenkins, Jordan;LB;NYJ
Jenkins, Malcolm;DB;PHI
Jenkins, Rayshawn;DB;LAC
Jennings, Darius;WR;TEN
Jensen, Ryan;OL;TAM
Jernigan, Timmy;DL;PHI
Jets;DEF;NYJ
Jewell, Josey;LB;DEN
John, Ulrick;OL;NWE
Johnson, A.J.;LB;DEN
Johnson, Austin;DL;TEN
Johnson, Brandon;RB;PIT
Johnson, Danny;DB;WAS
Johnson, David;RB;ARI
Johnson, Dorian;OL;CAR
Johnson, Duke;RB;CLE
Johnson, Isaiah;DB;TAM
Johnson, Jaleel;DL;MIN
Johnson, John;DB;LAR
Johnson, Josh;QB;WAS
Johnson, Kaleb;OL;PHI
Johnson, Kerryon;RB;DET
Johnson, Kevin;DB;HOU
Johnson, Lane;OL;PHI
Johnson, Lyndon;DL;JAC
Johnson, Malcolm;TE;GNB
Johnson, Marcus;WR;IND
Johnson, Michael;DL;CIN
Johnson, Roderick;OL;HOU
Johnson, Taron;DB;BUF
Johnson, Tom;DL;MIN
Johnson, Tre'Von;LB;LAC
Johnson, Trey;DB;PIT
Johnson, Trumaine;DB;NYJ
Johnson, Wesley;OL;MIA
Johnstone, Tyler;OL;LAC
Jones, Aaron;RB;GNB
Jones, Abry;DL;JAC
Jones, Alvin;LB;BAL
Jones, Andy;WR;DET
Jones, Ben;OL;TEN
Jones, Brett;OL;MIN
Jones, Byron;DB;DAL
Jones, Cardale;QB;LAC
Jones, Chandler;DL;ARI
Jones, Christian;LB;DET
Jones, Chris;DB;ARI
Jones, Chris;DL;K.C
Jones, Colin;DB;CAR
Jones, Cyrus;DB;BAL
Jones, D.J.;DL;SFO
Jones, DaQuan;DL;TEN
Jones, Datone;DL;DAL
Jones, David;DB;DET
Jones, Deion;LB;ATL
Jones, Derrick;DB;NYJ
Jones, J.J.;WR;NYJ
Jones, Jamarco;OL;SEA
Jones, Joe;LB;DEN
Jones, Jonathan;DB;NWE
Jones, Josh;DB;GNB
Jones, Julio;WR;ATL
Jones, Justin;DL;LAC
Jones, Lenny;DL;CLE
Jones, Marvin;WR;DET
Jones, Nazair;DL;SEA
Jones, Reshad;DB;MIA
Jones, Ronald;RB;TAM
Jones, Sam;OL;DEN
Jones, Sidney;DB;PHI
Jones, T.J.;WR;DET
Jones, Taiwan;RB;BUF
Jones, Tevin;WR;PIT
Jones, Zay;WR;BUF
Jordan, Cameron;DL;NOR
Jordan, Dion;DL;SEA
Jordan, Mike;DB;TEN
Joseph, Dieugot;OL;NYJ
Joseph, Greg;K;CLE
Joseph, Johnathan;DB;HOU
Joseph, Karl;DB;OAK
Joseph, Linval;DL;MIN
Joseph, Michael;DB;CHI
Joseph, Roubbens;OL;WAS
Joseph-Day, Sebastian;DL;LAR
Joyner, Lamarcus;DB;LAR
Judon, Matt;LB;BAL
Juszczyk, Kyle;RB;SFO
Kaaya, Brad;QB;IND
Kalambayi, Peter;LB;HOU
Kalil, Matt;OL;CAR
Kalil, Ryan;OL;CAR
Kalis, Kyle;OL;CLE
Kalu, Joshua;DB;TEN
Kamalu, Ufomba;LB;NWE
Kamara, Alvin;RB;NOR
Kanoff, Chad;QB;ARI
Karras, Ted;OL;NWE
Kaufusi, Bronson;DL;NYJ
Kazee, Damontae;DB;ATL
Kearse, Jayron;DB;MIN
Kearse, Jermaine;WR;NYJ
Keenum, Case;QB;DEN
Keizer, Nick;TE;BAL
Kelce, Jason;OL;PHI
Kelce, Travis;TE;K.C
Kelemete, Senio;OL;HOU
Kelley, Rob;RB;WAS
Kelly, Dennis;OL;TEN
Kelly, Jermaine;DB;HOU
Kelly, John;RB;LAR
Kelly, Ryan;OL;IND
Kelsey, Keith;LB;PIT
Kemp, Marcus;WR;K.C
Kendricks, Eric;LB;MIN
Kendricks, Lance;TE;GNB
Kendricks, Mychal;LB;SEA
Kennard, Devon;LB;DET
Kerin, Zac;OL;WAS
Kerr, Zach;DL;DEN
Kerrigan, Ryan;LB;WAS
Kessler, Cody;QB;JAC
Key, Arden;DL;OAK
Kidsy, Darvin;WR;WAS
Kilgo, Darius;DL;TEN
Kilgore, Daniel;OL;MIA
Killebrew, Miles;DB;DET
Killings, D.J.;DB;GNB
Kindred, Derrick;DB;CLE
King, Akeem;DB;SEA
King, Brandon;LB;NWE
King, Desmond;DB;LAC
King, Kevin;DB;GNB
Kirk, Christian;WR;ARI
Kirkpatrick, Dre;DB;CIN
Kirksey, Christian;LB;CLE
Kirkwood, Keith;WR;NOR
Kiser, Micah;LB;LAR
Kittle, George;TE;SFO
Kizer, DeShone;QB;GNB
Klein, A.J.;LB;NOR
Kline, Josh;OL;TEN
Knappe, Andreas;OL;DEN
Koloamatangi, Leo;OL;DET
Koroma, Tejan;OL;K.C
Kouandjio, Arie;OL;WAS
Koyack, Ben;TE;JAC
Kpassagnon, Tanoh;LB;K.C
Krieger-Coble, Henry;TE;LAR
Kroft, Tyler;TE;CIN
Kuechly, Luke;LB;CAR
Kumerow, Jake;WR;GNB
Kuntz, Christian;LB;JAC
Kupp, Cooper;WR;LAR
Kush, Eric;OL;CHI
Kwiatkoski, Nick;LB;CHI
Ifedi, Germain;OL;SEA
Igwebuike, Godwin;DB;SFO
Ijalana, Ben;OL;NYJ
Iloka, George;DB;MIN
Ingram, Mark;RB;NOR
Ingram, Melvin;DL;LAC
Inman, Dontrelle;WR;IND
Ioannidis, Matthew;DL;WAS
Irvin, Bruce;DL;ATL
Irving, David;DL;DAL
Irving, Isaiah;LB;CHI
Ishmael, Kemal;DB;ATL
Ishmael, Steve;WR;IND
Isidora, Danny;OL;MIN
Iupati, Mike;OL;ARI
Ivie, Joey;DL;K.C
Ivory, Chris;RB;BUF
Iyiegbuniwe, Joel;LB;CHI
Izzo, Ryan;TE;NWE
LaCosse, Matt;TE;DEN
LaFell, Brandon;WR;OAK
Lacey, Deon;LB;BUF
Lacy, Chris;WR;DET
Ladler, Kenny;DB;NYG
Laguda, Afolabi;DB;LAR
Lambo, Josh;K;JAC
Lamm, Kendall;OL;HOU
Lammons, Chris;DB;MIA
Lamp, Forrest;OL;LAC
Lampkin, Ashton;DB;CLE
Lamur, Emmanuel;LB;NYJ
Lancaster, Tyler;DL;GNB
Landrum, Chris;DL;HOU
Landry, Harold;LB;TEN
Landry, Jarvis;WR;CLE
Lang, Cedrick;OL;MIN
Lang, T.J.;OL;DET
Langford, Jeremy;RB;ATL
Langi, Harvey;LB;NYJ
Langley, Brendan;DB;DEN
Lanier, Anthony;DL;LAC
Larsen, Ted;OL;MIA
Larsen, Tyler;OL;CAR
Lasco, Daniel;RB;NOR
Lasley, Jordan;WR;BAL
Latimer, Cody;WR;NYG
Lattimore, Marshon;DB;NOR
Lauderdale, Andrew;OL;BUF
Lauletta, Kyle;QB;NYG
Laulile, Tomasi;DL;NOR
Lauvao, Shawn;OL;WAS
Lawler, Justin;DL;LAR
Lawrence, Demarcus;DL;DAL
Lawrence, Devaroe;DL;CLE
Lawson, Carl;DL;CIN
Lawson, Nevin;DB;DET
Lawson, Shaq;DL;BUF
Lazard, Allen;WR;GNB
LeBlanc, Cre'von;DB;PHI
LeRibeus, Josh;OL;NOR
Leary, Ronald;OL;DEN
Leavitt, Dallin;DB;OAK
Ledbetter, Jeremiah;DL;TAM
Lee, Darron;LB;NYJ
Lee, Elijah;LB;SFO
Lee, Eric;DL;DET
Lee, Marqise;WR;JAC
Lee, Marquel;LB;OAK
Lee, Sean;LB;DAL
Lee, Tanner;QB;JAC
Leggett, Jordan;TE;NYJ
Lengel, Matt;TE;CIN
Leno Jr., Charles;OL;CHI
Lenoir, Lance;WR;DAL
Leonard, Darius;LB;IND
Leonard, Richard;DB;HOU
Leonard, Rick;OL;ARI
Levin, Corey;OL;TEN
Levine, Anthony;DB;BAL
Levitre, Andy;OL;ATL
Levrone, Andre;WR;JAC
Lewan, Taylor;OL;TEN
Lewis, Alex;OL;BAL
Lewis, Dion;RB;TEN
Lewis, Jourdan;DB;DAL
Lewis, Kendrick;DB;TEN
Lewis, LaTroy;LB;TEN
Lewis, Malcolm;WR;MIA
Lewis, Marcedes;TE;GNB
Lewis, Roger;WR;TEN
Lewis, Ryan;DB;BUF
Lewis, Tommylee;WR;NOR
Lewis, Tyquan;DL;IND
Liedtke, Michael;OL;TAM
Liggins, Justice;WR;LAC
Light, Alex;OL;GNB
Linder, Brandon;OL;JAC
Lindsay, Phillip;RB;DEN
Line, Zach;RB;NOR
Linsley, Corey;OL;GNB
Lions;DEF;DET
Lippett, Tony;DB;NYG
Listenbee, Kolby;WR;IND
Littleton, Cory;LB;LAR
Litton, Chase;QB;K.C
Liuget, Corey;DL;LAC
Lockett, Tyler;WR;SEA
Loewen, Mitchell;DL;DET
Logan, Bennie;DL;TEN
Logan, T.J.;RB;ARI
Long, Chris;DL;PHI
Long, Kyle;OL;CHI
Long, Spencer;OL;NYJ
Longa, Steve;LB;DET
Longacre, Matt;LB;LAR
Looney, James;DL;GNB
Looney, Joe;OL;DAL
Lotulelei, Star;DL;BUF
Louis, Ricardo;WR;CLE
Love, Kyle;DL;CAR
Love, Mike;DL;BUF
Lowry, Dean;DL;GNB
Luani, Shalom;DB;SEA
Lucas, Jordan;DB;K.C
Luck, Andrew;QB;IND
Luke, Cole;DB;CAR
Lundblade, Brad;OL;CIN
Lutz, Wil;K;NOR
Luvu, Frankie;LB;NYJ
Lynch, Aaron;LB;CHI
Lynch, Cameron;LB;TAM
Lynch, Marshawn;RB;OAK
Mabin, Greg;DB;SFO
Mack, Alex;OL;ATL
Mack, Khalil;LB;CHI
Mack, Marlon;RB;IND
Madden, Tre;RB;SEA
Maddox, Avonte;DB;PHI
Mager, Craig;DB;DEN
Magnuson, Erik;OL;SFO
Maher, Brett;K;DAL
Mahomes, Patrick;QB;K.C
Mahon, Brendan;OL;CAR
Mailata, Jordan;OL;PHI
Malone, Josh;WR;CIN
Malveaux, Cameron;DL;ARI
Mancz, Greg;OL;HOU
Manhertz, Chris;TE;CAR
Manning, Eli;QB;NYG
Mannion, Sean;QB;LAR
Maragos, Chris;DB;PHI
March-Lillard, Justin;LB;DAL
Mariota, Marcus;QB;TEN
Marlowe, Dean;DB;BUF
Marpet, Ali;OL;TAM
Marsh, Cassius;DL;SFO
Marshall, Brandon;LB;DEN
Marshall, Byron;RB;WAS
Marshall, Trey;DB;DEN
Martin, Doug;RB;OAK
Martin, Gabe;LB;ARI
Martin, Jake;LB;SEA
Martin, Josh;LB;NYJ
Martin, Kareem;LB;NYG
Martin, Marcus;OL;DAL
Martin, Nick;OL;HOU
Martin, Robert;RB;NYG
Martin, Ronald;DB;IND
Martin, Zack;OL;DAL
Martinez, Blake;LB;GNB
Marz, Tyler;OL;TEN
Mason, Shaq;OL;NWE
Massie, Bobby;OL;CHI
Mata'afa, Hercules;DL;MIN
Matakevich, Tyler;LB;PIT
Mathieu, Tyrann;DB;HOU
Matthews, Clay;LB;GNB
Matthews, Jake;OL;ATL
Matthews, Jordan;WR;PHI
Matthews, Rishard;WR;NYJ
Matthews, Tray;DB;GNB
Mauro, Josh;DL;NYG
Maxwell, Byron;DB;SEA
Maye, Marcus;DB;NYJ
Mayfield, Baker;QB;CLE
Mayle, Vince;TE;LAC
Mayo, David;LB;CAR
Mayowa, Benson;DL;ARI
Mays, Devante;RB;CLE
McCaffrey, Christian;RB;CAR
McCaffrey, Max;WR;SFO
McCain, Bobby;DB;MIA
McCarron, AJ;QB;OAK
McCarron, Riley;WR;NWE
McClain, Terrell;DL;ATL
McClellan, Albert;LB;NWE
McCloud, Ray-Ray;WR;BUF
McCord, Tyriq;LB;PIT
McCourty, Devin;DB;NWE
McCourty, Jason;DB;NWE
McCown, Josh;QB;NYJ
McCoy, Colt;QB;WAS
McCoy, Gerald;DL;TAM
McCoy, LeSean;RB;BUF
McCrane, Matt;K;PIT
McCray, Justin;OL;GNB
McCray, Lerentee;DL;JAC
McCray, Robert;LB;K.C
McCullers-Sanders, Dan;DL;PIT
McDaniel, Tony;DL;NOR
McDermott, Conor;OL;BUF
McDermott, KC;OL;JAC
McDonald, Clinton;DL;OAK
McDonald, Dexter;DB;OAK
McDonald, T.J.;DB;MIA
McDonald, Vance;TE;PIT
McDougald, Bradley;DB;SEA
McDowell, Malik;DL;SEA
McGee, Jake;TE;PIT
McGee, Stacy;DL;WAS
McGill, T.Y.;DL;LAC
McGlinchey, Mike;OL;SFO
McGloster, Jamar;OL;OAK
McGough, Alex;QB;SEA
McGovern, Connor;OL;DEN
McGuire, Elijah;RB;NYJ
McIntosh, A.J.;DL;NYG
McKenzie, Isaiah;WR;BUF
McKenzie, Kahlil;OL;K.C
McKever, Pharoah;TE;JAC
McKinley, Takkarist;DL;ATL
McKinney, Benardrick;LB;HOU
McKinnon, Jeremiah;DB;PHI
McKinnon, Jerick;RB;SFO
McKinzy, Cassanova;LB;WAS
McKissic, J.D.;RB;SEA
McLendon, Steve;DL;NYJ
McLeod, Rodney;DB;PHI
McManis, Sherrick;DB;CHI
McManus, Brandon;K;DEN
McMillan, Raekwon;LB;MIA
McNichols, Jeremy;RB;TEN
McPhee, Pernell;LB;WAS
McQuay, Leon III;DB;K.C
McRae, Tony;DB;CIN
McTyer, Torry;DB;MIA
Meander, Montrel;DB;OAK
Means, Steven;DL;ATL
Mebane, Brandon;DL;LAC
Meeks, Quenton;DB;JAC
Melifonwu, Obi;DB;NWE
Melvin, Rashaan;DB;OAK
Mercilus, Whitney;LB;HOU
Meredith, Cameron;WR;NOR
Michel, Sony;RB;NWE
Mickens, Jaydon;WR;JAC
Middleton, Doug;DB;NYJ
Mihalik, Brian;OL;NYG
Milano, Matt;LB;BUF
Miles, Rontez;DB;NYJ
Miller, Anthony;WR;CHI
Miller, Braxton;WR;PHI
Miller, Charlie;DB;NYJ
Miller, Dorren;WR;PHI
Miller, Harlan;DB;WAS
Miller, John;OL;BUF
Miller, Kolton;OL;OAK
Miller, Lamar;RB;HOU
Miller, Von;LB;DEN
Miller, Zach;TE;CHI
Milligan, Rolan;DB;IND
Mills, Jalen;DB;PHI
Mills, Jordan;OL;BUF
Milton, Chris;DB;IND
Mincy, Jonathon;DB;CHI
Mingo, Barkevious;LB;SEA
Minter, Kevin;LB;TAM
Mitchel, Tevin;DB;OAK
Mitchell, Earl;DL;SFO
Mitchell, Mike;DB;IND
Mitchell, Steven;WR;HOU
Mitchell, Terrance;DB;CLE
Mixon, Joe;RB;CIN
Mizzell, Taquan;RB;CHI
Moncrief, Donte;WR;JAC
Mondeaux, Henry;DL;NOR
Montgomery, Ty;RB;BAL
Moore, A.J.;DB;HOU
Moore, Chris;WR;BAL
Moore, Corey;DB;IND
Moore, D.J.;WR;CAR
Moore, David;WR;SEA
Moore, J'Mon;WR;GNB
Moore, J.D.;RB;K.C
Moore, Kam;DB;NYG
Moore, Kenny;DB;IND
Moore, Skai;LB;IND
Moore, Steven;OL;BAL
Moore, Tarvarius;DB;SFO
Moore, Zach;DL;ARI
Moreau, Fabian;DB;WAS
Morgan, David;TE;MIN
Morgan, Derrick;LB;TEN
Morris, Alfred;RB;SFO
Morris, Patrick;OL;PIT
Morrison, Antonio;LB;GNB
Morrow, Nicholas;LB;OAK
Morse, Mitch;OL;K.C
Moseley, Emmanuel;DB;SFO
Moses, Morgan;OL;WAS
Mosley, C.J.;LB;BAL
Moss, Avery;LB;NYG
Mostert, Raheem;RB;SFO
Moton, Taylor;OL;CAR
Mount, Deiontrez;LB;DEN
Moxey, Jonathan;DB;ARI
Muhammad, Al-Quadin;DL;IND
Muhammad, Khalfani;RB;DEN
Mullens, Nick;QB;SFO
Mundt, Johnny;TE;LAR
Munnerlyn, Captain;DB;CAR
Munson, Calvin;LB;NWE
Munyer, Daniel;OL;ARI
Murphy, Kyle;OL;LAR
Murphy, Marcus;RB;BUF
Murphy, Pace;OL;K.C
Murphy, Trent;DL;BUF
Murray, Eric;DB;K.C
Murray, James;OL;K.C
Murray, Justin;OL;OAK
Murray, Latavius;RB;MIN
Mutcherson, Tevon;DB;SEA
Myers, Jason;K;NYJ
Myrick, Jalen;DB;MIN
Nacua, Kai;DB;CAR
Nall, Ryan;RB;CHI
Nassib, Carl;DL;TAM
Natson, JoJo;WR;LAR
Neal, Keanu;DB;ATL
Neal, Ryan;DB;ATL
Neal, Siran;DB;BUF
Neasman, Sharrod;DB;ATL
Nelson, J.J.;WR;ARI
Nelson, Jordy;WR;OAK
Nelson, Nick;DB;OAK
Nelson, Quenton;OL;IND
Nelson, Reggie;DB;OAK
Nelson, Steven;DB;K.C
Newhouse, Marshall;OL;CAR
Newsome, Detrez;RB;LAC
Newton, Cam;QB;CAR
Newton, Derek;OL;NOR
Ngakoue, Yannick;DL;JAC
Ngata, Haloti;DL;PHI
Nichols, Bilal;DL;CHI
Nicholson, Montae;DB;WAS
Nickerson, Hardy;LB;CIN
Nickerson, Parry;DB;NYJ
Niemann, Ben;LB;K.C
Nix-Jones, Roosevelt;RB;PIT
Njoku, David;TE;CLE
Nkansah, Elijah;OL;SEA
Nkemdiche, Robert;DL;ARI
Nnadi, Derrick;DL;K.C
Norman, Josh;DB;WAS
Norris, Jared;LB;CAR
Norton, Kendrick;DL;MIA
Norton, Storm;OL;MIN
Norwell, Andrew;OL;JAC
Noteboom, Joe;OL;LAR
Nsekhe, Ty;OL;WAS
Nugent, Mike;K;OAK
Nunez-Roches, Rakeem;DL;TAM
Nwosu, Uchenna;LB;LAC
Nzeocha, Eric;LB;TAM
Nzeocha, Mark;LB;SFO
Waddle, LaAdrian;OL;NWE
Wade, D'Montre;DB;K.C
Wagner, Bobby;LB;SEA
Wagner, Rick;OL;DET
Wake, Cameron;DL;MIA
Walden, Erik;LB;SEA
Walford, Clive;TE;NYJ
Walker, Anthony;LB;IND
Walker, DeMarcus;DL;DEN
Walker, Delanie;TE;TEN
Walker, Joe;LB;ARI
Walker, Josh;OL;JAC
Walker, Phillip;QB;IND
Walker, Tracy;DB;DET
Walker, Tyrunn;DL;NOR
Wallace, Aaron;LB;DEN
Wallace, Levi;DB;BUF
Wallace, Mike;WR;PHI
Waller, Darren;TE;OAK
Walters, Bryan;WR;JAC
Walton, L.T.;DL;PIT
Walton, Mark;RB;CIN
Ward, Charvarius;DB;K.C
Ward, Denzel;DB;CLE
Ward, Jihad;DL;IND
Ward, Jimmie;DB;SFO
Ware, Jylan;OL;NYG
Ware, Spencer;RB;K.C
Warford, Larry;OL;NOR
Warmack, Chance;OL;PHI
Warner, Fred;LB;SFO
Warren, Chris;RB;OAK
Washington, Adolphus;DL;CIN
Washington, Charles;DB;DET
Washington, DeAndre;RB;OAK
Washington, Dwayne;RB;NOR
Washington, James;WR;PIT
Waters, Herb;DB;PIT
Watford, Earl;OL;CLE
Watkins, Carlos;DL;HOU
Watkins, Jaylen;DB;LAC
Watkins, Sammy;WR;K.C
Watson, Benjamin;TE;NOR
Watson, Dekoda;LB;SFO
Watson, Deshaun;QB;HOU
Watson, Justin;WR;TAM
Watson, Menelik;OL;DEN
Watt, Derek;RB;LAC
Watt, J.J.;DL;HOU
Watt, T.J.;LB;PIT
Watts, Armani;DB;K.C
Waynes, Trae;DB;MIN
Weah, Jester;WR;HOU
Weatherly, Stephen;DL;MIN
Webb, B.W.;DB;NYG
Webb, Damon;DB;TEN
Webb, Davis;QB;NYJ
Webb, J'Marcus;OL;IND
Webb, Joe;QB;HOU
Webb, Ralph;RB;PIT
Webster, Kayvon;DB;HOU
Weddle, Eric;DB;BAL
Weeden, Brandon;QB;HOU
Wells, David;TE;K.C
Wells, Josh;OL;JAC
Wentz, Carson;QB;PHI
Wesley, De'Ondre;OL;IND
West, Charcandrick;RB;K.C
Westbrook, Dede;WR;JAC
Westbrooks, Ethan;DL;LAR
Wester, Leonard;OL;TAM
Westerman, Christian;OL;CIN
Wetzel, John;OL;ARI
Wheeler, Chad;OL;NYG
White, DeAndrew;WR;CAR
White, James;RB;NWE
White, Kevin;WR;CHI
White, Kyzir;LB;LAC
White, Mike;QB;DAL
White, Tim;WR;BAL
White, Tre'Davious;DB;BUF
Whitehair, Cody;OL;CHI
Whitehead, Jermaine;DB;CLE
Whitehead, Jordan;DB;TAM
Whitehead, Tahir;LB;OAK
Whitfield, Kermit;WR;CIN
Whitney, Isaac;WR;HOU
Whittaker, Fozzy;RB;CAR
Whitworth, Andrew;OL;LAR
Wichmann, Cody;OL;DAL
Wick, Cole;TE;TEN
Wicker, JoJo;DL;WAS
Wiggins, Kenny;OL;DET
Wilber, Kyle;LB;OAK
Wilcox, J.J.;DB;IND
Wilds, Brandon;RB;ARI
Wilkerson, Muhammad;DL;GNB
Wilkins, Jordan;RB;IND
Wilkinson, Elijah;OL;DEN
Williams, Antwione;LB;CAR
Williams, Brandon;DB;ARI
Williams, Brandon;DL;BAL
Williams, Chad;WR;ARI
Williams, Connor;OL;DAL
Williams, Damien;RB;K.C
Williams, Daniel;WR;CLE
Williams, Darious;DB;LAR
Williams, Darrell;OL;LAR
Williams, Darrel;RB;K.C
Williams, Daryl;OL;CAR
Williams, Dave;RB;JAC
Williams, DeShawn;DL;IND
Williams, Isaiah;OL;NOR
Williams, Jalen;WR;NYG
Williams, Jamaal;RB;GNB
Williams, Jonathan;RB;IND
Williams, Jordan;LB;NYG
Williams, K'Waun;DB;SFO
Williams, Kyle;DL;BUF
Williams, Leonard;DL;NYJ
Williams, Marcus;DB;CHI
Williams, Marcus;DB;NOR
Williams, Maxx;TE;BAL
Williams, Mike;WR;LAC
Williams, Nick;DL;CHI
Williams, P.J.;DB;NOR
Williams, Shawn;DB;CIN
Williams, Sylvester;DL;MIA
Williams, Terrance;WR;DAL
Williams, Terrell;DB;SFO
Williams, Tim;LB;BAL
Williams, Tramon;DB;GNB
Williams, Trent;OL;WAS
Williams, Trevor;DB;LAC
Williams, Trey;RB;DAL
Williams, Tyrell;WR;LAC
Williams, Vince;LB;PIT
Williams, Xavier;DL;K.C
Williamson, Avery;LB;NYJ
Willies, Derrick;WR;CLE
Willis, Jordan;DL;CIN
Willson, Luke;TE;DET
Wilson, Albert;WR;MIA
Wilson, Bobo;WR;TAM
Wilson, Brandon;DB;CIN
Wilson, Ced;WR;DAL
Wilson, Damien;LB;DAL
Wilson, Eric;LB;MIN
Wilson, Howard;DB;CLE
Wilson, Jarrod;DB;JAC
Wilson, Jeff;RB;SFO
Wilson, Kyle;LB;LAC
Wilson, Quincy;DB;IND
Wilson, Ramik;LB;LAR
Wilson, Russell;QB;SEA
Wilson, Shaun;RB;TAM
Wilson, Tavon;DB;DET
Wiltz, Jomal;DB;NWE
Wims, Javon;WR;CHI
Winbush, Anthony;LB;IND
Winston, Jameis;QB;TAM
Wint, Anthony;LB;NYJ
Winters, Brian;OL;NYJ
Wise, Deatrich;DL;NWE
Wisniewski, Stefen;OL;PHI
Witherspoon, Ahkello;DB;SFO
Witzmann, Bryan;OL;CHI
Wolf, Ethan;TE;GNB
Wolfe, Derek;DL;DEN
Woodard, Jonathan;DL;MIA
Woods, Al;DL;IND
Woods, Antwaun;DL;DAL
Woods, Josh;LB;CHI
Woods, Robert;WR;LAR
Woods, Xavier;DB;DAL
Woodson-Luster, Xavier;LB;CLE
Woodyard, Wesley;LB;TEN
Worley, Chris;LB;CIN
Worley, Daryl;DB;OAK
Wormley, Chris;DL;BAL
Worrilow, Paul;LB;PHI
Wozniak, Nate;OL;NOR
Wreh-Wilson, Blidi;DB;ATL
Wright, Gabe;DL;OAK
Wright, James;WR;IND
Wright, Jarius;WR;CAR
Wright, K.J.;LB;SEA
Wright, Shareece;DB;HOU
Wylie, Andrew;OL;K.C
Wynn, Isaiah;OL;NWE
Wynn, Jonathan;DL;DET
Wynn, Kerry;DL;NYG
Wynn, Shane;WR;NOR
O'Connor, Pat;DL;TAM
O'Daniel, Dorian;LB;K.C
O'Leary, Nick;TE;MIA
O'Neill, Brian;OL;MIN
O'Shaughnessy, James;TE;JAC
Obada, Efe;DL;CAR
Odhiambo, Rees;OL;ARI
Odum, George;DB;IND
Ogbah, Emmanuel;DL;CLE
Ogbuehi, Cedric;OL;CIN
Ogletree, Alec;LB;NYG
Ogunbowale, Dare;RB;TAM
Ogunjobi, Larry;DL;CLE
Okafor, Alex;DL;NOR
Okorafor, Chukwuma;OL;PIT
Okoronkwo, Obo;LB;LAR
Okung, Russell;OL;LAC
Okwara, Romeo;DL;DET
Ola, Michael;OL;NOR
Olawale, Jamize;RB;DAL
Oliver, Isaiah;DB;ATL
Olsen, Greg;TE;CAR
Olumba, Donovan;DB;DAL
Oluokun, Foye;LB;ATL
Omoile, Oni;OL;DAL
Onwualu, James;LB;SFO
Onwuasor, Patrick;LB;BAL
Onyemata, David;DL;NOR
Orakpo, Brian;LB;TEN
Ortiz, Ricky;RB;ATL
Osemele, Kelechi;OL;OAK
Ostman, Joe;DL;PHI
Osweiler, Brock;QB;MIA
Owens, Jonathan;DB;ARI
Owusu, Francis;WR;MIA
Yancey, DeAngelo;WR;NYJ
Yanda, Marshal;OL;BAL
Yarbrough, Eddie;DL;BUF
Yelder, Deon;TE;K.C
Yeldon, T.J.;RB;JAC
Yiadom, Isaac;DB;DEN
Young, Kenny;LB;BAL
Young, Sam;OL;MIA
Young, Tavon;DB;BAL
Young, Trevon;LB;LAR
Yurachek, Ryan;RB;OAK
Zamort, Ronald;DB;NYG
Zeitler, Kevin;OL;CLE
Zenner, Zach;RB;DET
Zettel, Anthony;DL;CLE
Zimmer, Justin;DL;ATL
Zombo, Frank;LB;K.C
Zuerlein, Greg;K;LAR
Zylstra, Brandon;WR;MIN
Dahl, Joe;OL;DET
Dalton, Andy;QB;CIN
Dangerfield, Jordan;DB;PIT
Daniel, Chase;QB;CHI
Daniel, Robertson;DB;BAL
Daniels, Darrell;TE;ARI
Daniels, James;OL;CHI
Daniels, Mike;DL;GNB
Darboh, Amara;WR;NWE
Darby, Ronald;DB;PHI
Dareus, Marcell;DL;JAC
Darnold, Sam;QB;NYJ
Davenport, Julie'n;OL;HOU
Davenport, Marcus;DL;NOR
David, Lavonte;LB;TAM
Davis, Austin;QB;TEN
Davis, Carlton;DB;TAM
Davis, Carl;DL;CLE
Davis, Cody;DB;JAC
Davis, Corey;WR;TEN
Davis, Demario;LB;NOR
Davis, Geremy;WR;LAC
Davis, Jalen;DB;MIA
Davis, Jarrad;LB;DET
Davis, Jawill;WR;NYG
Davis, Jesse;OL;MIA
Davis, Justin;RB;LAR
Davis, Keionta;DL;NWE
Davis, Michael;DB;LAC
Davis, Mike;RB;SEA
Davis, Rashard;WR;OAK
Davis, Reggie;WR;DAL
Davis, Robert;WR;WAS
Davis, Sean;DB;PIT
Davis, Tae;LB;NYG
Davis, Thomas;LB;CAR
Davis, Todd;LB;DEN
Davis, Trevor;WR;GNB
Davis, Vernon;TE;WAS
Davison, Raymond;LB;K.C
Davison, Tyeler;DL;NOR
Dawkins, Dalyn;RB;TEN
Dawkins, Dion;OL;BUF
Dawson, Duke;DB;NWE
Dawson, Phil;K;ARI
Day, Sheldon;DL;SFO
Dayes, Matt;RB;SFO
DeBoer, Dillon;OL;LAC
DeCastro, David;OL;PIT
DeLuca, Nick;LB;JAC
DeValve, Seth;TE;CLE
Deayon, Donte';DB;LAR
Decker, Taylor;OL;DET
Decoud, Treston;DB;DAL
Delaire, Ryan;DL;SFO
Dennard, Darqueze;DB;CIN
Derby, A.J.;TE;MIA
Desir, Pierre;DB;IND
Develin, James;RB;NWE
Devey, Jordan;OL;K.C
DiLauro, Christian;OL;SFO
DiMarco, Patrick;RB;BUF
Dickerson, Garrett;TE;NYG
Dickerson, Matt;DL;TEN
Dickson, Ed;TE;SEA
Dieter, Gehrig;WR;K.C
Diggs, Quandre;DB;DET
Diggs, Stefon;WR;MIN
Dissly, Will;TE;SEA
Dixon, Kenneth;RB;BAL
Dobbs, Joshua;QB;PIT
Doctson, Josh;WR;WAS
Dolphins;DEF;MIA
Donald, Aaron;DL;LAR
Donnal, Andrew;OL;DET
Donnerson, Kendall;LB;GNB
Dooley, Garret;LB;DET
Dora, Vontarrius;DL;ARI
Dorleant, Makinton;DB;OAK
Dorsett, Phillip;WR;NWE
Doss, Lorenzo;DB;CAR
Dotson, Demar;OL;TAM
Douglas, Jamil;OL;TEN
Douglas, Rasul;DB;PHI
Downs, Devante;LB;MIN
Doyle, Jack;TE;IND
Dozier, Dakota;OL;NYJ
Drake, Kenyan;RB;MIA
Drango, Spencer;OL;LAC
Driskel, Jeff;QB;CIN
Ducasse, Vladimir;OL;BUF
Dunbar, Quinton;DB;WAS
Dunbar, Steven;WR;SFO
Dunlap, Carlos;DL;CIN
Dunn, Brandon;DL;HOU
Dunn, Casey;OL;WAS
Dunn, Michael;OL;JAC
Dupre, Malachi;WR;ARI
Dupree, Bud;LB;PIT
Dural, Travin;WR;NOR
Durant, Chris;OL;ATL
Durden, Kenneth;DB;TEN
Durham, Step;DB;K.C
Duvernay-Tardif, Laurent;OL;K.C
Dwelley, Ross;TE;SFO
Dzubnar, Nick;LB;LAC
de Beer, Gerhard;OL;GNB
Eagles;DEF;PHI
Ealy, Kony;DL;OAK
Easley, Dominique;LB;LAR
Easton, Nick;OL;MIN
Ebner, Nate;DB;NWE
Ebron, Eric;TE;IND
Ebukam, Samson;LB;LAR
Edebali, Kasim;DL;CIN
Edelman, Julian;WR;NWE
Edison, Cornelius;OL;MIN
Edmonds, Chase;RB;ARI
Edmunds, Terrell;DB;PIT
Edmunds, Tremaine;LB;BUF
Edmunds, Trey;RB;PIT
Edwards, Gus;RB;BAL
Edwards, Mario;DL;NYG
Ehinger, Parker;OL;DAL
Eifert, Tyler;TE;CIN
Ejiofor, Duke;LB;HOU
Ekeler, Austin;RB;LAC
Ekuale, Daniel;DL;CLE
Elder, Corn;DB;CAR
Eldrenkamp, Jake;OL;CLE
Elflein, Pat;OL;MIN
Eligwe, Ukeme;LB;NYG
Ellerbee, Emmanuel;LB;SEA
Ellington, Bruce;WR;DET
Elliott, DeShon;DB;BAL
Elliott, Ezekiel;RB;DAL
Elliott, Jake;K;PHI
Elliott, Javien;DB;TAM
Ellis, Alex;TE;K.C
Ellis, Justin;DL;OAK
Ellison, Rhett;TE;NYG
Eluemunor, Jermaine;OL;BAL
Emanuel, Kyle;LB;LAC
Engram, Evan;TE;NYG
Enunwa, Quincy;WR;NYJ
Erickson, Alex;WR;CIN
Ernsberger, Donnie;TE;TAM
Ertz, Zach;TE;PHI
Ervin, Tyler;RB;BAL
Erving, Cameron;OL;K.C
Etling, Danny;QB;NWE
Etta-Tawo, Amba;WR;HOU
Evans, Jordan;LB;CIN
Evans, Justin;OL;ARI
Evans, Justin;DB;TAM
Evans, Marwin;DB;SEA
Evans, Mike;WR;TAM
Evans, Rashaan;LB;TEN
Everett, Deshazor;DB;WAS
Everett, Gerald;TE;LAR
Exum, Antone;DB;SFO
Ezeala, Christopher;RB;BAL
Packers;DEF;GNB
Palmer, Carson;QB;ARI
Palmer, Nate;LB;TEN
Pamphile, Kevin;OL;TEN
Pankey, Adam;OL;GNB
Panthers;DEF;CAR
Paradis, Matt;OL;DEN
Parker, Brandon;OL;OAK
Parker, Brian;TE;DEN
Parker, DeVante;WR;MIA
Parker, Steven;DB;LAR
Parkey, Cody;K;CHI
Parks, Will;DB;DEN
Parms, Damian;DB;CAR
Parnell, Jermey;OL;JAC
Parris, Timon;OL;WAS
Pascal, Zach;WR;IND
Pasztor, Austin;OL;TEN
Patmon, Tyler;DB;JAC
Patrick, Lucas;OL;GNB
Patrick, Tim;WR;DEN
Patriots;DEF;NWE
Patterson, Cordarrelle;WR;NWE
Patterson, Damoun;WR;NWE
Patton, Andre;WR;LAC
Patton, Quinton;WR;NYJ
Paulsen, Logan;TE;ATL
Payne, Daron;DL;WAS
Payne, Donald;LB;JAC
Peake, Charone;WR;NYJ
Peat, Andrus;OL;NOR
Peko Sr., Domata;DL;DEN
Peko, Kyle;DL;BUF
Penn, Donald;OL;OAK
Pennel, Mike;DL;NYJ
Penny, Elijhaa;RB;NYG
Penny, Rashaad;RB;SEA
Peppers, Jabrill;DB;CLE
Peppers, Julius;DL;CAR
Perine, Samaje;RB;WAS
Perkins, Josh;TE;PHI
Perkins, Kent;OL;CIN
Perkins, Paul;RB;NYG
Perriman, Breshad;WR;CLE
Perry, Nick;LB;GNB
Perry, Senorise;RB;MIA
Perryman, Denzel;LB;LAC
Person, Mike;OL;SFO
Peterman, Nathan;QB;OAK
Peters, Brian;LB;HOU
Peters, Corey;DL;ARI
Peters, Jason;OL;PHI
Peters, Marcus;DB;LAR
Peterson, Adrian;RB;WAS
Peterson, Kevin;DB;LAR
Peterson, Patrick;DB;ARI
Pettis, Dante;WR;SFO
Phillips, Adrian;DB;LAC
Phillips, Cam;WR;BUF
Phillips, Carroll;DL;IND
Phillips, Darius;DB;CIN
Phillips, Harrison;DL;BUF
Phillips, John;TE;ARI
Phillips, Jordan;DL;BUF
Philon, Darius;DL;LAC
Pierce, Michael;DL;BAL
Pierre, Olsen;DL;ARI
Pierre-Louis, Kevin;LB;NYJ
Pierre-Paul, Jason;DL;TAM
Pineiro, Eddy;K;OAK
Pipkins, Lenzy;DB;CLE
Pittman, Jamiyus;DL;MIA
Pitts, Lafayette;DB;BUF
Pleasant, Eddie;DB;GNB
Pocic, Ethan;OL;SEA
Poe, Dontari;DL;CAR
Poling, Quentin;LB;MIA
Poole, Brian;DB;ATL
Pouncey, Maurkice;OL;PIT
Pouncey, Mike;OL;LAC
Powell, Bilal;RB;NYJ
Powell, Brandon;WR;DET
Poyer, Jordan;DB;BUF
Prater, Matt;K;DET
Prescott, Dak;QB;DAL
President, Gimel;LB;TEN
Price, Billy;OL;CIN
Price, Brian;DL;CLE
Price, Josiah;TE;MIN
Prince, R.J.;OL;PIT
Pringle, Byron;WR;K.C
Proehl, Austin;WR;LAR
Prosise, C.J.;RB;SEA
Pruitt, MyCole;TE;TEN
Pryor, Matt;OL;PHI
Pugh, Justin;OL;ARI
Pullard, Hayes;LB;LAC
Pulley, Spencer;OL;NYG
Qualls, Elijah;DL;CAR
Queiro, Kyle;LB;DAL
Quessenberry, David;OL;TEN
Quessenberry, Scott;OL;LAC
Quin, Glover;DB;DET
Quinn, Robert;DL;MIA
Quinn, Trey;WR;WAS
Qvale, Brent;OL;NYJ
Ragland, Reggie;LB;K.C
Ragnow, Frank;OL;DET
Raiders;DEF;OAK
Ramczyk, Ryan;OL;NOR
Rams;DEF;LAR
Ramsey, Jalen;DB;JAC
Randall, Damarious;DB;CLE
Rankin, Martinas;OL;HOU
Rankins, Sheldon;DL;NOR
Ratley, Damion;WR;CLE
Ravens;DEF;BAL
Ray, Shane;LB;DEN
Reader, D.J.;DL;HOU
Reaves, Jeremy;DB;WAS
Reavis, C.J.;DB;JAC
Reddick, Haason;LB;ARI
Redding, Teo;WR;GNB
Redmond, Adam;OL;DAL
Redmond, Alex;OL;CIN
Redmond, Will;DB;GNB
Redskins;DEF;WAS
Reed, Brooks;DL;ATL
Reed, Chris;OL;JAC
Reed, D.J.;DB;SFO
Reed, Jarran;DL;SEA
Reed, Jordan;TE;WAS
Reed, Kalan;DB;SEA
Reeves-Maybin, Jalen;LB;DET
Reid, Caraun;DL;DAL
Reid, Eric;DB;CAR
Reid, Justin;DB;HOU
Reiff, Riley;OL;MIN
Reilly, Brandon;WR;DAL
Reiter, Austin;OL;K.C
Remmers, Mike;OL;MIN
Rey, Vincent;LB;CIN
Reynolds, Josh;WR;LAR
Reynolds, Keenan;WR;SEA
Reynolds, LaRoy;LB;PHI
Rhodes, Xavier;DB;MIN
Ricard, Patrick;RB;BAL
Rice, Denzel;DB;BUF
Richard, Jalen;RB;OAK
Richards, Jeff;DB;LAC
Richards, Jordan;DB;ATL
Richards, Ramon;DB;LAR
Richardson, Horace;DB;DEN
Richardson, Paul;WR;WAS
Richardson, Sheldon;DL;MIN
Richardson, Will;OL;JAC
Richburg, Weston;OL;SFO
Riddick, Theo;RB;DET
Ridgeway, Hassan;DL;IND
Ridley, Calvin;WR;ATL
Ridley, Stevan;RB;PIT
Riley, Curtis;DB;NYG
Riley, Duke;LB;ATL
Ringo, Christian;DL;CIN
Rivers, David;DB;TAM
Rivers, Derek;DL;NWE
Rivers, Philip;QB;LAC
Roberts, Andre;WR;NYJ
Roberts, Austin;TE;LAC
Roberts, Darryl;DB;NYJ
Roberts, Elandon;LB;NWE
Roberts, Michael;TE;DET
Roberts, Seth;WR;OAK
Robertson, Craig;LB;NOR
Robertson, Pete;LB;ARI
Robertson-Harris, Roy;DL;CHI
Robey-Coleman, Nickell;DB;LAR
Robinson, A'Shawn;DL;DET
Robinson, Aldrick;WR;MIN
Robinson, Allen;WR;CHI
Robinson, Cam;OL;JAC
Robinson, Corey;OL;JAC
Robinson, Demarcus;WR;K.C
Robinson, Greg;OL;CLE
Robinson, Josh;DB;NOR
Robinson, Patrick;DB;NOR
Robinson, Rashard;DB;NYJ
Robinson, Tyree;DB;SFO
Roby, Bradley;DB;DEN
Rochell, Isaac;DL;LAC
Rodgers, Aaron;QB;GNB
Rodgers, Jacquizz;RB;TAM
Rodgers, Jake;OL;BAL
Rodgers, Richard;TE;PHI
Roethlisberger, Ben;QB;PIT
Rogers, Chester;WR;IND
Rogers, Eli;WR;PIT
Roland, Shaq;WR;CHI
Rome, Jay;TE;PIT
Roos, Jordan;OL;SEA
Rosas, Aldrick;K;NYG
Rosen, Josh;QB;ARI
Ross, Daniel;DL;DAL
Ross, Devin;WR;TEN
Ross, John;WR;CIN
Roullier, Chase;OL;WAS
Rowe, Eric;DB;NWE
Rubin, Ahtyba;DL;OAK
Rucker, Frostee;DL;OAK
Rudock, Jake;QB;DET
Rudolph, Kyle;TE;MIN
Rudolph, Mason;QB;PIT
Rudolph, Travis;WR;MIA
Rush, Cooper;QB;DAL
Russell, Alonzo;WR;NYG
Russell, KeiVarae;DB;CIN
Ryan, Jake;LB;GNB
Ryan, Logan;DB;TEN
Ryan, Matt;QB;ATL
Tabor, Teez;DB;DET
Talib, Aqib;DB;LAR
Tankersley, Cordrea;DB;MIA
Tannehill, Ryan;QB;MIA
Tanney, Alex;QB;NYG
Tartt, Jaquiski;DB;SFO
Tasini, Pasoni;DL;ARI
Tate, Auden;WR;CIN
Tate, Golden;WR;PHI
Taumoepenu, Pita;DL;SFO
Tavecchio, Giorgio;K;ATL
Taylor, Adarius;LB;TAM
Taylor, Jamar;DB;DEN
Taylor, Jordan;WR;DEN
Taylor, Jullian;DL;SFO
Taylor, Lane;OL;GNB
Taylor, Rod;OL;CIN
Taylor, Taywan;WR;TEN
Taylor, Trent;WR;SFO
Taylor, Tyrod;QB;CLE
Taylor, Vincent;DL;MIA
Te'o, Manti;LB;NOR
Teller, Wyatt;OL;BUF
Tevi, Sam;OL;LAC
Texans;DEF;HOU
Thielen, Adam;WR;MIN
Thomas, Ahmad;LB;IND
Thomas, Brandon;OL;JAC
Thomas, Chad;DL;CLE
Thomas, De'Anthony;WR;K.C
Thomas, Demaryius;WR;HOU
Thomas, Dymonte;DB;DEN
Thomas, Earl;DB;SEA
Thomas, Ian;TE;CAR
Thomas, Joe;LB;DAL
Thomas, Jordan;TE;HOU
Thomas, Logan;TE;BUF
Thomas, Matthew;LB;PIT
Thomas, Michael;WR;NOR
Thomas, Michael;DB;NYG
Thomas, Mike;WR;LAR
Thomas, Robert;DL;BUF
Thomas, Roc;RB;MIN
Thomas, Simeon;DB;SEA
Thomas, Solomon;DL;SFO
Thomas, Tavierre;DB;CLE
Thompson, Chris;RB;WAS
Thompson, Corey;LB;BUF
Thompson, Darian;DB;DAL
Thompson, Deonte;WR;BUF
Thompson, Jason;DB;GNB
Thompson, Mark;RB;NYJ
Thompson, Tedric;DB;SEA
Thornton, Josh;DB;BUF
Thorpe, Neiko;DB;SEA
Thuney, Joe;OL;NWE
Titans;DEF;TEN
Tocho, Jack;DB;WAS
Toilolo, Levine;TE;DET
Toliver, Kevin;DB;CHI
Tolliver, Jalen;WR;ARI
Tom, Cameron;OL;NOR
Tomlinson, Dalvin;DL;NYG
Tomlinson, Eric;TE;NYJ
Tomlinson, Laken;OL;SFO
Toner, Cole;OL;LAC
Tonyan, Robert;TE;GNB
Toran, Najee;OL;SFO
Toth, Jon;OL;NYJ
Towbridge, Keith;TE;BUF
Travis, Ross;TE;IND
Trawick, Brynden;DB;TEN
Treadwell, Laquon;WR;MIN
Tretter, JC;OL;CLE
Trevathan, Danny;LB;CHI
Trubisky, Mitchell;QB;CHI
Trufant, Desmond;DB;ATL
Trumbetti, Andrew;LB;CHI
Tu'ikolovatu, Stevie;DL;TAM
Tucker, Justin;K;BAL
Tucker, Marcus;WR;PIT
Tuioti-Mariner, Jacob;DL;ATL
Tuitt, Stephon;DL;PIT
Tunsil, Laremy;OL;MIA
Tupou, Josh;DL;CIN
Turay, Kemoko;DL;IND
Turner, Billy;OL;DEN
Turner, De'Lance;RB;BAL
Turner, Landon;OL;CAR
Turner, Malik;WR;SEA
Turner, Trai;OL;CAR
Turner, Zeke;LB;ARI
Tye, Will;TE;PHI
Tyson, Mike;DB;HOU
Saffold, Rodger;OL;LAR
Saints;DEF;NOR
Salako, Victor;OL;NYG
Sam, Christian;LB;NWE
Sambrailo, Ty;OL;ATL
Samuel, Curtis;WR;CAR
Samuels, Jaylen;RB;PIT
Sanchez, Mark;QB;WAS
Sanders, Emmanuel;WR;DEN
Sanders, Jason;K;MIA
Sankey, Darnell;LB;NOR
Sankoh, Tigie;DB;CLE
Santos, Cairo;K;TAM
Sanu, Mohamed;WR;ATL
Saubert, Eric;TE;ATL
Savage, Tom;QB;CIN
Scandrick, Orlando;DB;K.C
Scarbrough, Bo;RB;SEA
Scarlett, Brennan;LB;HOU
Schaub, Matt;QB;ATL
Scherff, Brandon;OL;WAS
Schlottmann, Austin;OL;DEN
Schobert, Joe;LB;CLE
Schofield, Michael;OL;LAC
Schraeder, Ryan;OL;ATL
Schreck, Mason;TE;CIN
Schultz, Dalton;TE;DAL
Schwartz, Mitchell;OL;K.C
Schweitzer, Wes;OL;ATL
Schwenke, Brian;OL;NWE
Scotland-Williamson, Christian;TE;PIT
Scott, Artavis;WR;LAC
Scott, Boston;RB;PHI
Scott, Caleb;WR;SEA
Scott, Da'Mari;WR;BUF
Scott, Jaleel;WR;BAL
Scott, Niles;DL;CIN
Scott, Rashawn;WR;MIA
Scott, Trent;OL;LAC
Seahawks;DEF;SEA
Seals-Jones, Ricky;TE;ARI
Searcy, Da'Norris;DB;CAR
Seaton, Brad;OL;CLE
Seferian-Jenkins, Austin;TE;JAC
Semisch, Tim;TE;DEN
Senat, Deadrin;DL;ATL
Senat, Greg;OL;BAL
Sendejo, Andrew;DB;MIN
Sensabaugh, Coty;DB;PIT
Settle, Tim;DL;WAS
Seumalo, Isaac;OL;PHI
Seymour, Kevon;DB;CAR
Shaheen, Adam;TE;CHI
Shakir, Maurquice;OL;HOU
Sharp, Hunter;WR;CIN
Sharpe, Tajae;WR;TEN
Shatley, Tyler;OL;JAC
Shaw, Josh;DB;TAM
Shazier, Ryan;LB;PIT
Shead, DeShawn;DB;DET
Sheard, Jabaal;DL;IND
Shelby, Derrick;DL;ATL
Sheldon, Brady;LB;GNB
Shell, Brandon;OL;NYJ
Shelton, Coleman;OL;ARI
Shelton, Danny;DL;NWE
Shepard, Russell;WR;NYG
Shepard, Sterling;WR;NYG
Shepherd, Nathan;DL;NYJ
Sheppard, Kelvin;LB;DET
Sherels, Marcus;DB;MIN
Sherfield, Trent;WR;ARI
Sherman, Anthony;RB;K.C
Sherman, Richard;DB;SFO
Shields, Sam;DB;LAR
Shipley, A.Q.;OL;ARI
Shittu, Aziz;DL;DAL
Short, Kawann;DL;CAR
Showers, Jameill;DB;DAL
Sickels, Garrett;LB;LAR
Sieler, Zach;DL;BAL
Siemian, Trevor;QB;MIN
Silatolu, Amini;OL;CAR
Simmons, Jordan;OL;SEA
Simmons, Justin;DB;DEN
Simon, Deon;DL;GNB
Simon, John;LB;NWE
Simonson, Scott;TE;NYG
Sims, Cam;WR;WAS
Sims, Dion;TE;CHI
Sims, LeShaun;DB;TEN
Siragusa, Nico;OL;GNB
Sirles, Jeremiah;OL;BUF
Sitton, Josh;OL;MIA
Skipper, Dan;OL;NWE
Skrine, Buster;DB;NYJ
Skura, Matt;OL;BAL
Slade, Chad;OL;HOU
Slater, Matthew;WR;NWE
Slauson, Matt;OL;IND
Slay, Darius;DB;DET
Sloter, Kyle;QB;MIN
Smallwood, Jordan;WR;SFO
Smallwood, Wendell;RB;PHI
Smart, Tanzel;DL;LAR
Smith, Alex;QB;WAS
Smith, Andre;LB;CAR
Smith, Braden;OL;IND
Smith, Chris;DL;CLE
Smith, Donovan;OL;TAM
Smith, Emmanuel;LB;TAM
Smith, Eric;OL;NYJ
Smith, Evan;OL;TAM
Smith, Garrison;DL;MIA
Smith, Geno;QB;LAC
Smith, Harrison;DB;MIN
Smith, Ito;RB;ATL
Smith, Jacquies;DL;OAK
Smith, Jaylon;LB;DAL
Smith, Jimmy;DB;BAL
Smith, Jonnu;TE;TEN
Smith, Keith;RB;OAK
Smith, Lee;TE;OAK
Smith, Malcolm;LB;SFO
Smith, Marcus;LB;WAS
Smith, Maurice;DB;MIA
Smith, Preston;LB;WAS
Smith, Rod;RB;DAL
Smith, Roquan;LB;CHI
Smith, Ryan;DB;TAM
Smith, Telvin;LB;JAC
Smith, Terrance;LB;K.C
Smith, Tevaun;WR;JAC
Smith, Torrey;WR;CAR
Smith, Tre'Quan;WR;NOR
Smith, Tremon;DB;K.C
Smith, Tye;DB;TEN
Smith, Tyron;OL;DAL
Smith, Vyncint;WR;HOU
Smith, Za'Darius;LB;BAL
Smith-Schuster, JuJu;WR;PIT
Smithson, Fish;DB;LAC
Smoot, Dawuane;DL;JAC
Smythe, Durham;TE;MIA
Snead, Willie;WR;BAL
Sokoli, Kristjan;DL;NYG
Solder, Nate;OL;NYG
Sorensen, Daniel;DB;K.C
Sowell, Bradley;OL;CHI
Spain, Quinton;OL;TEN
Speaks, Breeland;LB;K.C
Spence, Akeem;DL;MIA
Spence, Noah;DL;TAM
Spriggs, Jason;OL;GNB
Springs, Arrion;DB;LAC
Sprinkle, Jeremy;TE;WAS
Sproles, Darren;RB;PHI
Square, Damion;DL;LAC
St. Brown, Equanimeous;WR;GNB
Stafford, Matthew;QB;DET
Staley, Joe;OL;SFO
Stallworth, Taylor;DL;NOR
Stanford, Julian;LB;BUF
Stanley, Ronnie;OL;BAL
Stanton, Drew;QB;CLE
Stanton, Dustin;OL;DAL
Stanton, Johnny;RB;MIN
Steelers;DEF;PIT
Steinmetz, David;OL;HOU
Stephen, Shamar;DL;SEA
Stephens, Linden;DB;DEN
Sterling, Neal;TE;NYJ
Sterup, Zach;OL;MIA
Stewart, ArDarius;WR;WAS
Stewart, Darian;DB;DEN
Stewart, Grover;DL;IND
Stewart, Jonathan;RB;NYG
Stewart, M.J.;DB;TAM
Stills, Kenny;WR;MIA
Stinnie, Aaron;OL;TEN
Stocker, Luke;TE;TEN
Stockton, Justin;RB;DET
Streater, Rod;WR;CLE
Street, Kentavius;DL;SFO
Stroman, Greg;DB;WAS
Stupar, Nate;LB;NYG
Su'a-Filo, Xavier;OL;DAL
Succop, Ryan;K;TEN
Sudfeld, Nate;QB;PHI
Suggs, Terrell;LB;BAL
Suh, Ndamukong;DL;LAR
Sullivan, Chandon;DB;PHI
Sullivan, John;OL;LAR
Sullivan, Tre;DB;PHI
Sutton, Cameron;DB;PIT
Sutton, Courtland;WR;DEN
Swaim, Geoff;TE;DAL
Swanson, Travis;OL;MIA
Swearinger, D.J.;DB;ARI
Sweat, Josh;DL;PHI
Sweezy, J.R.;OL;SEA
Switzer, Ryan;WR;PIT
Swoope, Erik;TE;IND
Swoopes, Tyrone;TE;SEA
Vaccaro, Kenny;DB;TEN
Vaeao, Destiny;DL;NYJ
Vaitai, Halapoulivaati;OL;PHI
Valdes-Scantling, Marquez;WR;GNB
Valentine, Vincent;DL;ARI
Vallejo, Tanner;LB;CLE
Valles, Hakeem;TE;NYG
Valoaga, Jeremiah;DL;MIA
Van Dyke, DeMarcus;DB;ATL
Van Noy, Kyle;LB;NWE
Van Roten, Greg;OL;CAR
Vander Esch, Leighton;LB;DAL
Vander Laan, Jason;TE;CAR
Vanderdoes, Eddie;DL;OAK
Vannett, Nick;TE;SEA
Vea, Vita;DL;TAM
Veasy, Jordan;WR;JAC
Veldheer, Jared;OL;DEN
Vereen, Shane;RB;NOR
Vernon, Olivier;LB;NYG
Verrett, Jason;DB;LAC
Vickers, Kendal;DL;TEN
Vigil, Nick;LB;CIN
Vigil, Zach;LB;WAS
Vikings;DEF;MIN
Villanueva, Alejandro;OL;PIT
Vinatieri, Adam;K;IND
Virgin, Dee;DB;DET
Vitale, Danny;RB;GNB
Vollert, Andrew;TE;CIN
Vujnovich, Jeremy;OL;ARI
Uhatafe, Leka;OL;JAC
Unga, Uani';LB;NYG
Unger, Max;OL;NOR
Unrein, Mitch;DL;TAM
Urban, Brent;DL;BAL
Uzomah, C.J.;TE;CIN
